{
  "generation": 79,
  "summary": {
    "total_tasks": 10,
    "success_rate": 1.0,
    "avg_score": 81.0,
    "avg_tokens": 9.5,
    "avg_latency_ms": 0.26531219482421875,
    "efficiency": 8526.315789473685
  }
}